{
  "description": "BAML Hardship Inbound File Layout",
  "keyfields": [
    {
      "keytype": "layouttype",
      "name": "recordtype",
      "type": "string",
      "size": 2
    }
  ],
  "header": [
    {
      "name": "top-header",
      "type": "skip",
      "size": 100,
      "flunkif": "",
      "includeif": "",
      "scale": 0
    }
  ],
  "footer": [
    {
      "name": "bottom-trailer",
      "type": "skip",
      "size": 100,
      "flunkif": "",
      "includeif": "",
      "scale": 0
    }
  ],
  "layouts": [
    {
      "layouttype": "50",
      "layout": [
        {
          "name": "MER-PART-NUM",
          "type": "string",
          "size": 9
        },
        {
          "name": "MER-EMPL-NUM",
          "type": "string",
          "size": 13
        },
        {
          "name": "MER-START-CENT",
          "type": "string",
          "size": 2
        },
        {
          "name": "MER-START-YY",
          "type": "string",
          "size": 2
        },
        {
          "name": "MER-START-MM",
          "type": "string",
          "size": 2
        },
        {
          "name": "MER-START-DD",
          "type": "string",
          "size": 2
        },
        {
          "name": "MER-RESUME-CENT",
          "type": "string",
          "size": 2
        },
        {
          "name": "MER-RESUME-YY",
          "type": "string",
          "size": 2
        },
        {
          "name": "MER-RESUME-MM",
          "type": "string",
          "size": 2
        },
        {
          "name": "MER-RESUME-DD",
          "type": "string",
          "size": 2
        },
        {
          "name": "FILLER-1",
          "type": "string",
          "size": 34
        },
        {
          "name": "MER-PAYROLL-ID",
          "type": "string",
          "size": 4
        },
        {
          "name": "FILLER-2",
          "type": "string",
          "size": 22
        }
      ]
    },
    {
      "layouttype": "00",
      "layout": [
        {
          "name": "type_00_details",
          "type": "skip",
          "size": 98
        }
      ]
    },
    {
      "layouttype": "01",
      "layout": [
        {
          "name": "type_01_details",
          "type": "skip",
          "size": 98
        }
      ]
    },
    {
      "layouttype": "02",
      "layout": [
        {
          "name": "type_02_details",
          "type": "skip",
          "size": 98
        }
      ]
    },
    {
      "layouttype": "03",
      "layout": [
        {
          "name": "type_03_details",
          "type": "skip",
          "size": 98
        }
      ]
    },
    {
      "layouttype": "04",
      "layout": [
        {
          "name": "type_04_details",
          "type": "skip",
          "size": 98
        }
      ]
    },
    {
      "layouttype": "05",
      "layout": [
        {
          "name": "type_05_details",
          "type": "skip",
          "size": 98
        }
      ]
    },
    {
      "layouttype": "06",
      "layout": [
        {
          "name": "type_06_details",
          "type": "skip",
          "size": 98
        }
      ]
    },
    {
      "layouttype": "07",
      "layout": [
        {
          "name": "type_07_details",
          "type": "skip",
          "size": 98
        }
      ]
    },
    {
      "layouttype": "08",
      "layout": [
        {
          "name": "type_08_details",
          "type": "skip",
          "size": 98
        }
      ]
    },
    {
      "layouttype": "09",
      "layout": [
        {
          "name": "type_09_details",
          "type": "skip",
          "size": 98
        }
      ]
    },
    {
      "layouttype": "10",
      "layout": [
        {
          "name": "type_10_details",
          "type": "skip",
          "size": 98
        }
      ]
    },
    {
      "layouttype": "11",
      "layout": [
        {
          "name": "type_11_details",
          "type": "skip",
          "size": 98
        }
      ]
    },
    {
      "layouttype": "12",
      "layout": [
        {
          "name": "type_12_details",
          "type": "skip",
          "size": 98
        }
      ]
    },
    {
      "layouttype": "13",
      "layout": [
        {
          "name": "type_13_details",
          "type": "skip",
          "size": 98
        }
      ]
    },
    {
      "layouttype": "14",
      "layout": [
        {
          "name": "type_14_details",
          "type": "skip",
          "size": 98
        }
      ]
    },
    {
      "layouttype": "15",
      "layout": [
        {
          "name": "type_15_details",
          "type": "skip",
          "size": 98
        }
      ]
    },
    {
      "layouttype": "16",
      "layout": [
        {
          "name": "type_16_details",
          "type": "skip",
          "size": 98
        }
      ]
    },
    {
      "layouttype": "17",
      "layout": [
        {
          "name": "type_17_details",
          "type": "skip",
          "size": 98
        }
      ]
    },
    {
      "layouttype": "18",
      "layout": [
        {
          "name": "type_18_details",
          "type": "skip",
          "size": 98
        }
      ]
    },
    {
      "layouttype": "19",
      "layout": [
        {
          "name": "type_19_details",
          "type": "skip",
          "size": 98
        }
      ]
    },
    {
      "layouttype": "20",
      "layout": [
        {
          "name": "type_20_details",
          "type": "skip",
          "size": 98
        }
      ]
    },
    {
      "layouttype": "21",
      "layout": [
        {
          "name": "type_21_details",
          "type": "skip",
          "size": 98
        }
      ]
    },
    {
      "layouttype": "22",
      "layout": [
        {
          "name": "type_22_details",
          "type": "skip",
          "size": 98
        }
      ]
    },
    {
      "layouttype": "23",
      "layout": [
        {
          "name": "type_23_details",
          "type": "skip",
          "size": 98
        }
      ]
    },
    {
      "layouttype": "24",
      "layout": [
        {
          "name": "type_24_details",
          "type": "skip",
          "size": 98
        }
      ]
    },
    {
      "layouttype": "25",
      "layout": [
        {
          "name": "type_25_details",
          "type": "skip",
          "size": 98
        }
      ]
    },
    {
      "layouttype": "26",
      "layout": [
        {
          "name": "type_26_details",
          "type": "skip",
          "size": 98
        }
      ]
    },
    {
      "layouttype": "27",
      "layout": [
        {
          "name": "type_27_details",
          "type": "skip",
          "size": 98
        }
      ]
    },
    {
      "layouttype": "28",
      "layout": [
        {
          "name": "type_28_details",
          "type": "skip",
          "size": 98
        }
      ]
    },
    {
      "layouttype": "29",
      "layout": [
        {
          "name": "type_29_details",
          "type": "skip",
          "size": 98
        }
      ]
    },
    {
      "layouttype": "30",
      "layout": [
        {
          "name": "type_30_details",
          "type": "skip",
          "size": 98
        }
      ]
    },
    {
      "layouttype": "31",
      "layout": [
        {
          "name": "type_31_details",
          "type": "skip",
          "size": 98
        }
      ]
    },
    {
      "layouttype": "32",
      "layout": [
        {
          "name": "type_32_details",
          "type": "skip",
          "size": 98
        }
      ]
    },
    {
      "layouttype": "33",
      "layout": [
        {
          "name": "type_33_details",
          "type": "skip",
          "size": 98
        }
      ]
    },
    {
      "layouttype": "34",
      "layout": [
        {
          "name": "type_34_details",
          "type": "skip",
          "size": 98
        }
      ]
    },
    {
      "layouttype": "35",
      "layout": [
        {
          "name": "type_35_details",
          "type": "skip",
          "size": 98
        }
      ]
    },
    {
      "layouttype": "36",
      "layout": [
        {
          "name": "type_36_details",
          "type": "skip",
          "size": 98
        }
      ]
    },
    {
      "layouttype": "37",
      "layout": [
        {
          "name": "type_37_details",
          "type": "skip",
          "size": 98
        }
      ]
    },
    {
      "layouttype": "38",
      "layout": [
        {
          "name": "type_38_details",
          "type": "skip",
          "size": 98
        }
      ]
    },
    {
      "layouttype": "39",
      "layout": [
        {
          "name": "type_39_details",
          "type": "skip",
          "size": 98
        }
      ]
    },
    {
      "layouttype": "40",
      "layout": [
        {
          "name": "type_40_details",
          "type": "skip",
          "size": 98
        }
      ]
    },
    {
      "layouttype": "41",
      "layout": [
        {
          "name": "type_41_details",
          "type": "skip",
          "size": 98
        }
      ]
    },
    {
      "layouttype": "42",
      "layout": [
        {
          "name": "type_42_details",
          "type": "skip",
          "size": 98
        }
      ]
    },
    {
      "layouttype": "43",
      "layout": [
        {
          "name": "type_43_details",
          "type": "skip",
          "size": 98
        }
      ]
    },
    {
      "layouttype": "44",
      "layout": [
        {
          "name": "type_44_details",
          "type": "skip",
          "size": 98
        }
      ]
    },
    {
      "layouttype": "45",
      "layout": [
        {
          "name": "type_45_details",
          "type": "skip",
          "size": 98
        }
      ]
    },
    {
      "layouttype": "46",
      "layout": [
        {
          "name": "type_46_details",
          "type": "skip",
          "size": 98
        }
      ]
    },
    {
      "layouttype": "47",
      "layout": [
        {
          "name": "type_47_details",
          "type": "skip",
          "size": 98
        }
      ]
    },
    {
      "layouttype": "48",
      "layout": [
        {
          "name": "type_48_details",
          "type": "skip",
          "size": 98
        }
      ]
    },
    {
      "layouttype": "49",
      "layout": [
        {
          "name": "type_49_details",
          "type": "skip",
          "size": 98
        }
      ]
    },
    {
      "layouttype": "51",
      "layout": [
        {
          "name": "type_51_details",
          "type": "skip",
          "size": 98
        }
      ]
    },
    {
      "layouttype": "52",
      "layout": [
        {
          "name": "type_52_details",
          "type": "skip",
          "size": 98
        }
      ]
    },
    {
      "layouttype": "53",
      "layout": [
        {
          "name": "type_53_details",
          "type": "skip",
          "size": 98
        }
      ]
    },
    {
      "layouttype": "54",
      "layout": [
        {
          "name": "type_54_details",
          "type": "skip",
          "size": 98
        }
      ]
    },
    {
      "layouttype": "55",
      "layout": [
        {
          "name": "type_55_details",
          "type": "skip",
          "size": 98
        }
      ]
    },
    {
      "layouttype": "56",
      "layout": [
        {
          "name": "type_56_details",
          "type": "skip",
          "size": 98
        }
      ]
    },
    {
      "layouttype": "57",
      "layout": [
        {
          "name": "type_57_details",
          "type": "skip",
          "size": 98
        }
      ]
    },
    {
      "layouttype": "58",
      "layout": [
        {
          "name": "type_58_details",
          "type": "skip",
          "size": 98
        }
      ]
    },
    {
      "layouttype": "59",
      "layout": [
        {
          "name": "type_59_details",
          "type": "skip",
          "size": 98
        }
      ]
    },
    {
      "layouttype": "60",
      "layout": [
        {
          "name": "type_60_details",
          "type": "skip",
          "size": 98
        }
      ]
    },
    {
      "layouttype": "61",
      "layout": [
        {
          "name": "type_61_details",
          "type": "skip",
          "size": 98
        }
      ]
    },
    {
      "layouttype": "62",
      "layout": [
        {
          "name": "type_62_details",
          "type": "skip",
          "size": 98
        }
      ]
    },
    {
      "layouttype": "63",
      "layout": [
        {
          "name": "type_63_details",
          "type": "skip",
          "size": 98
        }
      ]
    },
    {
      "layouttype": "64",
      "layout": [
        {
          "name": "type_64_details",
          "type": "skip",
          "size": 98
        }
      ]
    },
    {
      "layouttype": "65",
      "layout": [
        {
          "name": "type_65_details",
          "type": "skip",
          "size": 98
        }
      ]
    },
    {
      "layouttype": "66",
      "layout": [
        {
          "name": "type_66_details",
          "type": "skip",
          "size": 98
        }
      ]
    },
    {
      "layouttype": "67",
      "layout": [
        {
          "name": "type_67_details",
          "type": "skip",
          "size": 98
        }
      ]
    },
    {
      "layouttype": "68",
      "layout": [
        {
          "name": "type_68_details",
          "type": "skip",
          "size": 98
        }
      ]
    },
    {
      "layouttype": "69",
      "layout": [
        {
          "name": "type_69_details",
          "type": "skip",
          "size": 98
        }
      ]
    },
    {
      "layouttype": "70",
      "layout": [
        {
          "name": "type_70_details",
          "type": "skip",
          "size": 98
        }
      ]
    },
    {
      "layouttype": "71",
      "layout": [
        {
          "name": "type_71_details",
          "type": "skip",
          "size": 98
        }
      ]
    },
    {
      "layouttype": "72",
      "layout": [
        {
          "name": "type_72_details",
          "type": "skip",
          "size": 98
        }
      ]
    },
    {
      "layouttype": "73",
      "layout": [
        {
          "name": "type_73_details",
          "type": "skip",
          "size": 98
        }
      ]
    },
    {
      "layouttype": "74",
      "layout": [
        {
          "name": "type_74_details",
          "type": "skip",
          "size": 98
        }
      ]
    },
    {
      "layouttype": "75",
      "layout": [
        {
          "name": "type_75_details",
          "type": "skip",
          "size": 98
        }
      ]
    },
    {
      "layouttype": "76",
      "layout": [
        {
          "name": "type_76_details",
          "type": "skip",
          "size": 98
        }
      ]
    },
    {
      "layouttype": "77",
      "layout": [
        {
          "name": "type_77_details",
          "type": "skip",
          "size": 98
        }
      ]
    },
    {
      "layouttype": "78",
      "layout": [
        {
          "name": "type_78_details",
          "type": "skip",
          "size": 98
        }
      ]
    },
    {
      "layouttype": "79",
      "layout": [
        {
          "name": "type_79_details",
          "type": "skip",
          "size": 98
        }
      ]
    },
    {
      "layouttype": "80",
      "layout": [
        {
          "name": "type_80_details",
          "type": "skip",
          "size": 98
        }
      ]
    },
    {
      "layouttype": "81",
      "layout": [
        {
          "name": "type_81_details",
          "type": "skip",
          "size": 98
        }
      ]
    },
    {
      "layouttype": "82",
      "layout": [
        {
          "name": "type_82_details",
          "type": "skip",
          "size": 98
        }
      ]
    },
    {
      "layouttype": "83",
      "layout": [
        {
          "name": "type_83_details",
          "type": "skip",
          "size": 98
        }
      ]
    },
    {
      "layouttype": "84",
      "layout": [
        {
          "name": "type_84_details",
          "type": "skip",
          "size": 98
        }
      ]
    },
    {
      "layouttype": "85",
      "layout": [
        {
          "name": "type_85_details",
          "type": "skip",
          "size": 98
        }
      ]
    },
    {
      "layouttype": "86",
      "layout": [
        {
          "name": "type_86_details",
          "type": "skip",
          "size": 98
        }
      ]
    },
    {
      "layouttype": "87",
      "layout": [
        {
          "name": "type_87_details",
          "type": "skip",
          "size": 98
        }
      ]
    },
    {
      "layouttype": "88",
      "layout": [
        {
          "name": "type_88_details",
          "type": "skip",
          "size": 98
        }
      ]
    },
    {
      "layouttype": "89",
      "layout": [
        {
          "name": "type_89_details",
          "type": "skip",
          "size": 98
        }
      ]
    },
    {
      "layouttype": "90",
      "layout": [
        {
          "name": "type_90_details",
          "type": "skip",
          "size": 98
        }
      ]
    },
    {
      "layouttype": "91",
      "layout": [
        {
          "name": "type_91_details",
          "type": "skip",
          "size": 98
        }
      ]
    },
    {
      "layouttype": "92",
      "layout": [
        {
          "name": "type_92_details",
          "type": "skip",
          "size": 98
        }
      ]
    },
    {
      "layouttype": "93",
      "layout": [
        {
          "name": "type_93_details",
          "type": "skip",
          "size": 98
        }
      ]
    },
    {
      "layouttype": "94",
      "layout": [
        {
          "name": "type_94_details",
          "type": "skip",
          "size": 98
        }
      ]
    },
    {
      "layouttype": "95",
      "layout": [
        {
          "name": "type_95_details",
          "type": "skip",
          "size": 98
        }
      ]
    },
    {
      "layouttype": "96",
      "layout": [
        {
          "name": "type_96_details",
          "type": "skip",
          "size": 98
        }
      ]
    },
    {
      "layouttype": "97",
      "layout": [
        {
          "name": "type_97_details",
          "type": "skip",
          "size": 98
        }
      ]
    },
    {
      "layouttype": "98",
      "layout": [
        {
          "name": "type_98_details",
          "type": "skip",
          "size": 98
        }
      ]
    },
    {
      "layouttype": "99",
      "layout": [
        {
          "name": "type_99_details",
          "type": "skip",
          "size": 98
        }
      ]
    }
  ]
}
