{
  "description": "BAML Loan Inbound File Header Layout",
  "keyfields":[
    {
      "keytype":"layouttype",
      "name":"recordtype",
      "type":"string",
      "size":4
    }
  ],
  "layouts": [
    {
      "layouttype": "UHDR",
      "layout": [
        {
          "name": "LOAN-IN-DATE",
          "type": "string",
          "size": 6
        },
        {
          "name": "LOAN-DETAIL-0",
          "type": "string",
          "size": 140
        }
      ]
    },
    {
      "layouttype": "ERRORED",
      "layout": [
        {
          "name": "ERRORED",
          "type": "string",
          "size": 150
        }
      ]
    }
  ]
}