{
  "description": "Loan Report Layout",
  "header": [
    {
      "name": "top-header",
      "type": "string",
      "size": 150,
      "flunkif": "",
      "includeif": "",
      "scale": 0
    }
  ],
  "footer": [
    {
      "name": "bottom-trailer",
      "type": "string",
      "size": 150,
      "flunkif": "",
      "includeif": "",
      "scale": 0
    }
  ],
  "layouts": [
    {
      "layouttype": "main",
      "layout": [
        {
          "name": "SSN",
          "type": "string",
          "size": 9
        },
        {
          "name": "WIN",
          "type": "string",
          "size": 9
        },
        {
          "name": "LOAN-NUM",
          "type": "string",
          "size": 3
        },
        {
          "name": "FILLER-0",
          "type": "string",
          "size": 2
        },
        {
          "name": "DEDUCT-AMOUNT",
          "type": "string",
          "size": 11
        },
        {
          "name": "FILLER-1",
          "type": "string",
          "size": 34
        },
        {
          "name": "LOAN-USE",
          "type": "string",
          "size": 1
        },
        {
          "name": "PAYROLL-ID",
          "type": "string",
          "size": 4
        },
        {
          "name": "GOAL-AMOUNT",
          "type": "string",
          "size": 11
        },
        {
          "name": "PAY-FREQUENCY",
          "type": "string",
          "size": 1
        },
        {
          "name": "FILLER-2",
          "type": "string",
          "size": 39
        },
        {
          "name": "STORE-LOCATION",
          "type": "string",
          "size": 5
        },
        {
          "name": "FILLER-3",
          "type": "string",
          "size": 21
        }
      ]
    }
  ]
}
