{
  "description": "Loan Report Layout",
  "header": [
    {
      "name": "top-header",
      "type": "string",
      "size": 250,
      "flunkif": "",
      "includeif": "",
      "scale": 0
    }
  ],
  "footer": [
    {
      "name": "bottom-trailer",
      "type": "string",
      "size": 250,
      "flunkif": "",
      "includeif": "",
      "scale": 0
    }
  ],
  "layouts": [
    {
      "layouttype": "main",
      "layout": [
        {
          "name": "KEY",
          "type": "string",
          "size": 2
        },
        {
          "name": "R56-PLAN-NUMBER",
          "type": "string",
          "size": 6
        },
        {
          "name": "R56-SOCIAL-SECURITY",
          "type": "string",
          "size": 9
        },
        {
          "name": "R56-LOAN-NUMBER",
          "type": "string",
          "size": 3
        },
        {
          "name": "FILLER-1",
          "type": "string",
          "size": 1
        },
        {
          "name": "R56-LOAN-REPAY-AMT",
          "type": "string",
          "size": 9
        },
        {
          "name": "FILLER-2",
          "type": "string",
          "size": 1
        },
        {
          "name": "R56-PAYROLL-IND",
          "type": "string",
          "size": 1
        },
        {
          "name": "FILLER-3",
          "type": "string",
          "size": 218
        }
      ]
    }
  ]
}
