{
  "description": "LOA Report Layout",
  "keyfields": [
    {
      "keytype": "layouttype",
      "name": "recordtype",
      "type": "string",
      "size": 2
    }
  ],
  "header": [
    {
      "name": "top-header",
      "type": "skip",
      "size": 250,
      "flunkif": "",
      "includeif": "",
      "scale": 0
    }
  ],
  "footer": [
    {
      "name": "bottom-trailer",
      "type": "skip",
      "size": 250,
      "flunkif": "",
      "includeif": "",
      "scale": 0
    }
  ],
  "layouts": [
    {
      "layouttype": "01",
      "layout": [
        {
          "name": "R01-PLAN-NUMBER",
          "type": "string",
          "size": 6
        },
        {
          "name": "R01-PART-NUMBER",
          "type": "string",
          "size": 9
        },
        {
          "name": "R01-ACTION",
          "type": "string",
          "size": 1
        },
        {
          "name": "R01-STAT-CODE",
          "type": "string",
          "size": 2
        },
        {
          "name": "R01-FILLER-1",
          "type": "string",
          "size": 19
        },
        {
          "name": "R01-WIN-NUMBER",
          "type": "string",
          "size": 9
        },
        {
          "name": "R01-FILLER-2",
          "type": "string",
          "size": 202
        }
      ]
    },
    {
      "layouttype": "02",
      "layout": [
        {
          "name": "R02-PLAN-NUMBER",
          "type": "string",
          "size": 6
        },
        {
          "name": "R02-PART-NUMBER",
          "type": "string",
          "size": 9
        },
        {
          "name": "R02-FILLER-1",
          "type": "string",
          "size": 183
        },
        {
          "name": "R02-USERRA-START-DATE",
          "type": "string",
          "size": 8
        },
        {
          "name": "R02-USERRA-END-DATE",
          "type": "string",
          "size": 8
        },
        {
          "name": "R02-LOA-START-DATE",
          "type": "string",
          "size": 8
        },
        {
          "name": "R02-LOA-END-DATE",
          "type": "string",
          "size": 8
        },
        {
          "name": "R02-FILLER-2",
          "type": "string",
          "size": 18
        }
      ]
    }
  ]
}