{
  "description": "Eligibility UHDR Report Layout",
  "keyfields":[
    {
      "keytype":"layouttype","name":"recordtype","type":"string","size":4
    }
  ],
  "layouts": [
    {
      "layouttype": "UHDR",
      "layout": [
        {
          "name": "FILLER",
          "type": "string",
          "size": 1
        },
        {
          "name": "DATE",
          "type": "string",
          "size": 7
        },
        {
          "name": "FILLER",
          "type": "string",
          "size": 238
        }
      ]
    },
    {
      "layouttype": "ERRORED",
      "layout": [
        {
          "name": "ERRORED",
          "type": "string",
          "size": 246
        }
      ]
    }
  ]
}