{
  "description": "Eligibility Report Layout",
  "keyfields": [
    {
      "keytype": "layouttype",
      "name": "recordtype",
      "type": "string",
      "size": 2
    }
  ],
  "header": [
    {
      "name": "top-header",
      "type": "string",
      "size": 250,
      "flunkif": "",
      "includeif": "",
      "scale": 0
    }
  ],
  "footer": [
    {
      "name": "bottom-trailer",
      "type": "string",
      "size": 250,
      "flunkif": "",
      "includeif": "",
      "scale": 0
    }
  ],
  "layouts": [
    {
      "layouttype": "01",
      "layout": [
        {
          "name": "R01-PLAN-NUMBER",
          "type": "string",
          "size": 6
        },
        {
          "name": "R01-PART-NUMBER",
          "type": "string",
          "size": 9
        },
        {
          "name": "R01-ACTION",
          "type": "string",
          "size": 1
        },
        {
          "name": "R01-STAT-CODE",
          "type": "string",
          "size": 2
        },
        {
          "name": "FILLER",
          "type": "string",
          "size": 4
        },
        {
          "name": "R01-SAVINGS-RATES-INCLUDED",
          "type": "string",
          "size": 1
        },
        {
          "name": "R01-FILLER-1",
          "type": "string",
          "size": 14
        },
        {
          "name": "R01-EMPLOYEE-NUMBER",
          "type": "string",
          "size": 13
        },
        {
          "name": "R01-LAST-NAME",
          "type": "string",
          "size": 15
        },
        {
          "name": "R01-FIRST-NAME",
          "type": "string",
          "size": 15
        },
        {
          "name": "R01-FULL-NAME",
          "type": "string",
          "size": 30
        },
        {
          "name": "R01-BDAY-MM",
          "type": "string",
          "size": 2
        },
        {
          "name": "R01-BDAY-DD",
          "type": "string",
          "size": 2
        },
        {
          "name": "R01-BDAY-CC",
          "type": "string",
          "size": 2
        },
        {
          "name": "R01-BDAY-YY",
          "type": "string",
          "size": 2
        },
        {
          "name": "R01-HDAY-MM",
          "type": "string",
          "size": 2
        },
        {
          "name": "R01-HDAY-DD",
          "type": "string",
          "size": 2
        },
        {
          "name": "R01-HDAY-CC",
          "type": "string",
          "size": 2
        },
        {
          "name": "R01-HDAY-YY",
          "type": "string",
          "size": 2
        },
        {
          "name": "R01-PEDAY-MM",
          "type": "string",
          "size": 2
        },
        {
          "name": "R01-PEDAY-DD",
          "type": "string",
          "size": 2
        },
        {
          "name": "R01-PEDAY-CC",
          "type": "string",
          "size": 2
        },
        {
          "name": "R01-PEDAY-YY",
          "type": "string",
          "size": 2
        },
        {
          "name": "R01-SEX",
          "type": "string",
          "size": 1
        },
        {
          "name": "R01-MARITAL-STATUS",
          "type": "string",
          "size": 1
        },
        {
          "name": "R01-FILLER-2",
          "type": "string",
          "size": 2
        },
        {
          "name": "R01-UDF-1",
          "type": "string",
          "size": 1
        },
        {
          "name": "R01-UDF-2",
          "type": "string",
          "size": 1
        },
        {
          "name": "R01-UDF-3",
          "type": "string",
          "size": 1
        },
        {
          "name": "R01-UDF-4",
          "type": "string",
          "size": 2
        },
        {
          "name": "R01-UDF-5",
          "type": "string",
          "size": 2
        },
        {
          "name": "R01-VDAY-MM",
          "type": "string",
          "size": 2
        },
        {
          "name": "R01-VDAY-DD",
          "type": "string",
          "size": 2
        },
        {
          "name": "R01-VDAY-CC",
          "type": "string",
          "size": 2
        },
        {
          "name": "R01-VDAY-YY",
          "type": "string",
          "size": 2
        },
        {
          "name": "R01-TDAY-MM",
          "type": "string",
          "size": 2
        },
        {
          "name": "R01-TDAY-DD",
          "type": "string",
          "size": 2
        },
        {
          "name": "R01-TDAY-CC",
          "type": "string",
          "size": 2
        },
        {
          "name": "R01-TDAY-YY",
          "type": "string",
          "size": 2
        },
        {
          "name": "R01-ADAY-MM",
          "type": "string",
          "size": 2
        },
        {
          "name": "R01-ADAY-DD",
          "type": "string",
          "size": 2
        },
        {
          "name": "R01-ADAY-CC",
          "type": "string",
          "size": 2
        },
        {
          "name": "R01-ADAY-YY",
          "type": "string",
          "size": 2
        },
        {
          "name": "R01-ELIGIBILITY-FLAG",
          "type": "string",
          "size": 1
        },
        {
          "name": "R01-BENEFIT-RATE",
          "type": "string",
          "size": 9
        },
        {
          "name": "R01-HCE-INDICATOR",
          "type": "string",
          "size": 1
        },
        {
          "name": "R01-EMPLOYEE-TYPE",
          "type": "string",
          "size": 1
        },
        {
          "name": "R01-PAYROLL-CODE",
          "type": "string",
          "size": 1
        },
        {
          "name": "R01-PAYROLL-ID",
          "type": "string",
          "size": 4
        },
        {
          "name": "R01-ELECT-BT-SAVE-RATE",
          "type": "string",
          "size": 4
        },
        {
          "name": "R01-ELECT-AT-SAVE-RATE",
          "type": "string",
          "size": 4
        },
        {
          "name": "R01-FILLER-3",
          "type": "string",
          "size": 10
        },
        {
          "name": "R01-SECTION-16-IND",
          "type": "string",
          "size": 1
        },
        {
          "name": "R01-FILLER-4",
          "type": "string",
          "size": 1
        },
        {
          "name": "R01-AFR-IND",
          "type": "string",
          "size": 1
        },
        {
          "name": "R01-ELIGIBILITY-DATE",
          "type": "string",
          "size": 8
        },
        {
          "name": "R01-FILLER-5",
          "type": "string",
          "size": 5
        },
        {
          "name": "R01-ELECT-BT-FLAT-SAVE-RATE",
          "type": "string",
          "size": 5
        },
        {
          "name": "R01-ELECT-AT-FLAT-SAVE-RATE",
          "type": "string",
          "size": 5
        },
        {
          "name": "R01-ELECT-BT-CUC-SAVE-RATE",
          "type": "string",
          "size": 4
        },
        {
          "name": "R01-REHIRE-CREDIT-IND",
          "type": "string",
          "size": 1
        },
        {
          "name": "R01-FILLER-6",
          "type": "string",
          "size": 5
        },
        {
          "name": "R01-RDAY-MM",
          "type": "string",
          "size": 2
        },
        {
          "name": "R01-RDAY-DD",
          "type": "string",
          "size": 2
        },
        {
          "name": "R01-RDAY-CC",
          "type": "string",
          "size": 4
        }
      ]
    },
    {
  "layouttype": "02",
  "layout": [
    {
      "name": "R02-PLAN-NUMBER",
      "type": "string",
      "size": 6
    },
    {
      "name": "R02-PART-NUMBER",
      "type": "string",
      "size": 9
    },
    {
      "name": "R02-OPT-IN-OUT-FLAG",
      "type": "string",
      "size": 1
    },
    {
      "name": "R02-STREET-ADDRESS-L1",
      "type": "string",
      "size": 30
    },
    {
      "name": "R02-STREET-ADDRESS-L2",
      "type": "string",
      "size": 30
    },
    {
      "name": "R02-FILLER-2",
      "type": "string",
      "size": 10
    },
    {
      "name": "R02-EMAIL-TYPE",
      "type": "string",
      "size": 1
    },
    {
      "name": "R02-FILLER-3",
      "type": "string",
      "size": 19
    },
    {
      "name": "R02-CITY",
      "type": "string",
      "size": 18
    },
    {
      "name": "R02-STATE",
      "type": "string",
      "size": 2
    },
    {
      "name": "R02-ZIP",
      "type": "string",
      "size": 9
    },
    {
      "name": "R02-FILLER-3-DUPLICATE",
      "type": "string",
      "size": 1
    },
    {
      "name": "R02-ALTERNATE-STATE",
      "type": "string",
      "size": 2
    },
    {
      "name": "R02-PR-BONAFIDE-IND",
      "type": "string",
      "size": 2
    },
    {
      "name": "R02-FILLER-4",
      "type": "string",
      "size": 8
    },
    {
      "name": "R02-EMAIL-ADDRESS",
      "type": "string",
      "size": 50
    },
    {
      "name": "R02-FILLER-5",
      "type": "string",
      "size": 50
    }
  ]
},
    {
      "layouttype": "05",
      "layout": [
         {
          "name": "R05-PLAN-NUMBER",
          "type": "string",
          "size": 6
        },
        {
          "name": "R05-PART-NUMBER",
          "type": "string",
          "size": 9
        },
        {
          "name": "FILLER",
          "type": "string",
          "size": 155
        },
        {
          "name": "HOURS",
          "type": "string",
          "size": 7
        },
        {
          "name": "FILLER1",
          "type": "string",
          "size": 26
        },
        {
          "name": "YOS",
          "type": "string",
          "size": 2
        },
        {
          "name": "FILLER2",
          "type": "string",
          "size": 43
        }
    ]
    },
    {
      "layouttype": "62",
      "layout": [
        {
          "name": "PLAN_NUMBER",
          "type": "string",
          "size": 6
        },
        {
          "name": "PARTICIPANT_NUMBER",
          "type": "string",
          "size": 9
        },
        {
          "name": "FILLER0",
          "type": "string",
          "size": 44
        },
        {
          "name": "WORK_LOCATION",
          "type": "string",
          "size": 5
        },
        {
          "name": "WORK_DIVISION",
          "type": "string",
          "size": 3
        },
        {
          "name": "CHARGE_LOCATION",
          "type": "string",
          "size": 5
        },
        {
          "name": "CHARGE_DIVISION",
          "type": "string",
          "size": 3
        },
        {
          "name": "PAY_CODE",
          "type": "string",
          "size": 3
        },
        {
          "name": "FILLER1",
          "type": "string",
          "size": 152
        },
        {
          "name": "ACTUAL_TERM_DATE",
          "type": "string",
          "size": 8
        },
        {
          "name": "FILLER3",
          "type": "string",
          "size": 10
        }
      ]
    }
  ]
}