{
  "description": "Rate change summary Report Layout",
  "keyfields": [
    {
      "keytype": "layouttype",
      "name": "recordtype",
      "type": "string",
      "size": 2
    }
  ],
  "header": [
    {
      "name": "top-header",
      "type": "string",
      "size": 250,
      "flunkif": "",
      "includeif": "",
      "scale": 0
    }
  ],
  "footer": [
    {
      "name": "bottom-trailer",
      "type": "string",
      "size": 250,
      "flunkif": "",
      "includeif": "",
      "scale": 0
    }
  ],
  "layouts": [
    {
      "layouttype": "01",
      "layout": [
        {
          "name": "FILLER",
          "type": "string",
          "size": 248
        }
      ]
    },
    {
  "layouttype": "02",
  "layout": [
        {
          "name": "FILLER",
          "type": "string",
          "size": 248
        }
      ]
}
  ]
}