{
	"project_name": "bp-file-connector",
	"slack": "file-connector-cicd-alerts",
    "msteams_channel_id": "19%3A33ac1c9084e44866b1bbefdedaf07c78%40thread.tacv2",
	"email": [
		"Surender.Kandakatla@samsclub.com"
	],
	"variables": {
		"giturl": "https://gecgithub01.walmart.com/GBS-PeopleBenefitsDomain/bp-file-connector.git",
		"scmurl": "https://gecgithub01.walmart.com/GBS-PeopleBenefitsDomain/bp-file-connector.git"
	},
	"flows": {
		"pod-profiler": {
			"agent": "jmeter",
			"type": "pod-profiler",
			"sla": "30",
			"sla_selector": "avg95thPct",
			"version": "@project.version@",
			"daily_peak": "10",
			"holiday_peak": "100",
			"artifact": "bp-file-connector",
			"namespace": "benefits-connectors",
			"cluster_id": "scus-lab-a1",
			"dc_load_distribution": {
				"scus-dev-aperf1": 100
			},
			"config": "/perf/perf.jmx",
			"appurl": "fileconnector.benefits-connectors.scus-lab-a1.cluster.k8s.us.walmart.net"
		},
		"baseline": {
			"agent": "jmeter",
			"appurl": "fileconnector.benefits-connectors.scus-lab-a1.cluster.k8s.us.walmart.net",
			"duration": "30",
			"vu": "15",
			"dc_load_distribution": {
				"scus-dev-aperf1": 100
			},
			"config": "/perf/perf.jmx"
		}
	}
}